product_name,type,price,quant
Product_1,Electronics,1299,5
Product_2,Electronics,999,8
Product_3,Electronics,1599,3
Product_4,Electronics,799,12
Product_5,Electronics,1899,4
Product_6,Electronics,499,20
Product_7,Electronics,699,15
Product_8,Electronics,999,10
Product_9,Electronics,1299,7
Product_10,Electronics,399,25
Product_11,Electronics,120,50
Product_12,Electronics,80,60
Product_13,Electronics,150,40
Product_14,Electronics,200,35
Product_15,Electronics,60,70
Product_16,Electronics,899,9
Product_17,Electronics,1299,6
Product_18,Electronics,1599,5
Product_19,Electronics,699,14
Product_20,Electronics,499,18
Product_21,Electronics,2499,2
Product_22,Electronics,1999,3
Product_23,Electronics,2999,1
Product_24,Electronics,3499,2
Product_25,Electronics,1799,4
Product_26,Clothing,1099,8
Product_27,Clothing,899,12
Product_28,Clothing,599,18
Product_29,Clothing,1499,6
Product_30,Clothing,799,10
Product_31,Clothing,90,55
Product_32,Clothing,110,45
Product_33,Clothing,75,65
Product_34,Clothing,130,48
Product_35,Clothing,95,58
Product_36,Clothing,1999,3
Product_37,Clothing,2499,2
Product_38,Clothing,999,11
Product_39,Clothing,1499,6
Product_40,Clothing,799,13
Product_41,Clothing,8999,1
Product_42,Clothing,6499,2
Product_43,Clothing,7499,1
Product_44,Clothing,5499,3
Product_45,Clothing,4599,2
Product_46,Clothing,299,30
Product_47,Clothing,349,28
Product_48,Clothing,449,22
Product_49,Clothing,549,18
Product_50,Clothing,649,15
Product_51,Grocery,30,120
Product_52,Grocery,45,95
Product_53,Grocery,55,85
Product_54,Grocery,65,78
Product_55,Grocery,40,100
Product_56,Grocery,3499,1
Product_57,Grocery,2799,2
Product_58,Grocery,2299,3
Product_59,Grocery,1899,4
Product_60,Grocery,1599,5
Product_61,Grocery,3999,2
Product_62,Grocery,4299,2
Product_63,Grocery,4799,1
Product_64,Grocery,5199,1
Product_65,Grocery,5699,1
Product_66,Grocery,1799,5
Product_67,Grocery,1599,6
Product_68,Grocery,1399,7
Product_69,Grocery,1199,8
Product_70,Grocery,999,9
Product_71,Grocery,210,30
Product_72,Grocery,190,32
Product_73,Grocery,170,34
Product_74,Grocery,160,36
Product_75,Grocery,140,38
Product_76,Home,899,15
Product_77,Home,999,14
Product_78,Home,1099,12
Product_79,Home,1199,10
Product_80,Home,1299,9
Product_81,Home,2299,3
Product_82,Home,2599,3
Product_83,Home,2899,2
Product_84,Home,3199,2
Product_85,Home,3499,1
Product_86,Home,749,16
Product_87,Home,849,14
Product_88,Home,949,12
Product_89,Home,1049,10
Product_90,Home,1149,9
Product_91,Home,25,150
Product_92,Home,35,130
Product_93,Home,50,110
Product_94,Home,70,90
Product_95,Home,85,75
Product_96,Home,1799,6
Product_97,Home,1999,5
Product_98,Home,2199,4
Product_99,Home,2399,3
Product_100,Home,2599,2